{"cameraMode":{"drawMode":0,"name":"Shaded","section":"Shading Mode"},"sceneLighting":true,"audioPlay":false,"sceneViewState":{"showFog":true,"showMaterialUpdate":false,"showSkybox":true,"showFlares":true,"showImageEffects":true,"showParticleSystems":true},"in2DMode":false,"pivot":{"x":98.30313873291016,"y":166.85736083984376,"z":68.52590942382813},"rotation":{"x":-0.16725222766399384,"y":0.0552750788629055,"z":-0.009392018429934979,"w":-0.9843186140060425},"size":343.7979431152344,"orthographic":false}